﻿id;name;description;price;image_url;category;featured;details
1;Solitaire Diamond Ring;0.25 Carat diamond solitaire ring.;450.00;/images/ring1.jpg;ring;TRUE;0.25 Carat diamond on 14K white gold. Comes with an authenticity certificate.
2;Silver Baguette Ring;Modern design baguette cut silver ring.;45.00;/images/ring2.jpg;ring;TRUE;925 Sterling silver with anti-allergic coating.
3;Gold Wedding Band;Classic 2mm gold wedding band.;120.00;/images/ring3.jpg;ring;FALSE;14K Yellow gold. Comfort-fit design for daily wear.
4;Sapphire Gemstone Ring;Drop-cut sapphire elegant ring.;320.00;/images/ring4.jpg;ring;FALSE;Natural sapphire stone surrounded by small diamonds.
5;Minimalist Silver Ring;Thin minimalist sterling silver ring.;25.00;/images/ring5.jpg;ring;FALSE;925 Sterling silver. Simple design compatible with any outfit.
6;Emerald Vintage Ring;Antique look emerald gemstone ring.;280.00;/images/ring6.jpg;ring;TRUE;Vintage design with handmade craftsmanship and natural emerald.
7;Gold Chain Bracelet;14K Thick chain bracelet.;185.00;/images/bracelet1.jpg;bracelet;TRUE;Durable locking system. 18 cm long, stylish design.
8;Silver Luck Bracelet;Figured silver charm bracelet.;35.00;/images/bracelet2.jpg;bracelet;FALSE;925 Sterling silver with evil eye and heart charms.
9;Leather Men's Bracelet;Genuine leather bracelet with steel details.;15.00;/images/bracelet3.jpg;bracelet;FALSE;Adjustable size suitable for any wrist.
10;Pearl Bracelet;Classic freshwater pearl bracelet.;55.00;/images/bracelet4.jpg;bracelet;TRUE;Strung with natural pearls. Features a silver clasp.
11;Stone Bangle Bracelet;Zirconia decorated bangle.;75.00;/images/bracelet5.jpg;bracelet;FALSE;Ideal for special occasions, bright stone bangle model.
12;Rose Gold Bracelet;Thin rose gold plated bracelet.;40.00;/images/bracelet6.jpg;bracelet;FALSE;Provides a modern look. Resistant to tarnishing.
13;Diamond Necklace;Elegant diamond pendant.;550.00;/images/necklace1.jpg;necklace;TRUE;0.15 Carat diamond. 14K White gold chain included.
14;Silver Letter Necklace;Personalized silver initial necklace.;28.00;/images/necklace2.jpg;necklace;FALSE;Choose any letter. Comes with a 45 cm silver chain.
15;Gold Plate Necklace;Engravable gold plate necklace.;95.00;/images/necklace3.jpg;necklace;TRUE;14K Yellow gold. Back side can be engraved with a date.
16;Boho Bead Necklace;Colorful beaded bohemian style necklace.;12.00;/images/necklace4.jpg;necklace;FALSE;Handmade with colorful stones and beads.
17;Star Figured Necklace;Bright stone silver star necklace.;24.00;/images/necklace5.jpg;necklace;FALSE;Minimalist model designed for evening elegance.
18;Drop Pearl Necklace;Single pearl pendant silver necklace.;38.00;/images/necklace6.jpg;necklace;FALSE;Timeless piece featuring a natural drop pearl.
19;Gold Hoop Earrings;Large 14K gold hoop earrings.;85.00;/images/earring1.jpg;earring;TRUE;Lightweight structure, comfortable for all-day wear.
20;Silver Dangle Earrings;Long silver evening earrings.;42.00;/images/earring2.jpg;earring;FALSE;Glittery and showy design for special events.
21;Minimalist Stud Earrings;Small stone daily stud earrings.;18.00;/images/earring3.jpg;earring;FALSE;Comfortable for daily use, matches casual outfits.
22;Pearl Earring Set;Set of 3 different sized pearl earrings.;48.00;/images/earring4.jpg;earring;TRUE;Three different sizes of natural pearl earrings for various combinations.
23;Ethnic Patterned Earrings;Bronze plated ethnic earrings.;14.00;/images/earring5.jpg;earring;FALSE;Authentic design perfect for bohemian clothing.
24;Heart Figured Silver Earrings;Romantic design silver earrings.;22.00;/images/earring6.jpg;earring;FALSE;An ideal gift option for Valentine's Day.
25;Classic Steel Watch;Silver-colored classic wristwatch.;165.00;/images/watch1.jpg;watch;TRUE;Water-resistant, elegant watch with Japanese movement.
26;Leather Strap Watch;Modern watch with brown leather strap.;95.00;/images/watch2.jpg;watch;TRUE;Sporty-chic model for daily use.
27;Gold Tone Jewelry Watch;Thin strap women's jewelry watch.;185.00;/images/watch3.jpg;watch;FALSE;Elegant gold-plated watch with a bracelet appearance.
28;Digital Sport Watch;Functional digital sport watch.;55.00;/images/watch4.jpg;watch;FALSE;Includes stopwatch and light features. Impact resistant.
29;Automatic Mechanical Watch;Skeleton view mechanical watch.;350.00;/images/watch5.jpg;watch;TRUE;Special collection piece, self-winding mechanical movement.
30;Minimalist White Watch;Minimalist white watch with silicone strap.;45.00;/images/watch6.jpg;watch;FALSE;Fresh and simple design for summer months.
31;Silver Brooch;Flower motif stone silver brooch.;32.00;/images/accessories1.jpg;accessories;FALSE;Elegant accessory for jackets and scarves.
32;Hair Clip Set;Luxury 2-piece pearl and stone clip set.;15.00;/images/accessories2.jpg;accessories;TRUE;Hair accessory for weddings or special nights.
33;Luck Keychain;Jewelry-look silver keychain.;18.00;/images/accessories3.jpg;accessories;FALSE;Stylish accessory to attach to your bags.
34;Silver Anklet;Thin silver anklet for the ankle.;28.00;/images/accessories4.jpg;accessories;TRUE;Starfish figured anklet to complete your summer elegance.
35;Tie Clip;Simple silver plated tie clip.;22.00;/images/accessories5.jpg;accessories;FALSE;Classic and stylish detail for men's formal wear.
36;Jewelry Box;Luxury velvet covered jewelry storage box.;30.00;/images/accessories6.jpg;accessories;FALSE;Ideal for keeping your jewelry organized and safe.